"","variable","W","P.value"
"1","Am",0,0.0158730158730159
"2","AQY",8,0.73015873015873
"3","Rd",0,0.0158730158730159
"4","Ik",5,0.285714285714286
