"","variable","term","df","sumsq","meansq","statistic","p.value"
"1","Am","Group",1,3661.78030701138,3661.78030701138,12.8811654534124,0.00886855964121099
"2","Am","Residuals",7,1989.9179341951,284.2739905993,NA,NA
"3","AQY","Group",1,0.00984969892220807,0.00984969892220807,2.15301807659435,0.185728684165272
"4","AQY","Residuals",7,0.0320238335223447,0.00457483336033496,NA,NA
"5","Rd","Group",1,7.67550991323949,7.67550991323949,8.98438089904804,0.0200157358621856
"6","Rd","Residuals",7,5.98021944933004,0.854317064190005,NA,NA
"7","Ik","Group",1,2429.83318341526,2429.83318341526,0.122363621875834,0.73677314343821
"8","Ik","Residuals",7,139002.360531353,19857.4800759076,NA,NA
